t_s,rss_mb,cpu_pct_one_core,handles,threads,storage_mb,db_kb,files
10.0,88.6,0.3,403,8,0.0,12.0,0
20.0,101.4,8.1,408,11,1.2,12.0,2
30.0,101.7,7.5,408,11,2.4,12.0,4
40.1,101.9,11.2,408,11,3.5,20.0,6
50.1,101.8,10.1,409,8,4.7,24.0,9
60.1,108.8,10.1,408,8,5.9,24.0,11
70.1,101.8,9.0,409,8,7.5,28.0,13
80.2,101.8,10.1,409,8,8.7,28.0,15
90.2,102.0,9.7,409,8,9.9,32.0,18
100.2,101.8,8.4,409,8,11.1,32.0,20
110.3,101.8,12.5,409,8,12.7,36.0,22
120.3,101.8,10.4,405,6,13.8,40.0,24
130.3,101.8,7.6,405,6,15.0,40.0,26
140.4,101.8,11.1,405,6,16.3,44.0,29
150.4,118.4,9.2,404,6,17.4,44.0,31
160.5,101.8,13.1,405,6,19.1,48.0,33
170.6,101.8,9.1,405,6,20.3,48.0,35
180.6,101.8,9.3,405,6,21.5,52.0,37
190.6,101.8,8.4,405,6,22.7,52.0,40
200.7,101.8,9.2,404,6,23.9,56.0,42
210.7,101.8,11.0,405,6,25.5,60.0,44
220.8,101.8,10.0,405,6,26.7,60.0,46
230.8,101.8,9.5,405,6,28.0,64.0,49
241.0,101.8,11.0,405,6,29.2,64.0,51
251.1,101.9,16.4,409,7,30.3,68.0,53
261.1,101.9,14.6,409,7,31.9,68.0,55
271.4,136.8,9.9,408,7,33.0,72.0,58
281.5,136.3,13.4,408,9,34.2,72.0,60
291.6,102.2,12.7,408,8,35.3,76.0,61
301.6,102.2,9.0,408,8,36.5,76.0,63
311.7,102.2,11.3,408,8,37.8,80.0,66
321.7,102.2,8.4,408,8,38.9,80.0,68
331.8,102.2,11.3,408,8,40.6,84.0,70
341.8,102.2,9.8,408,8,41.7,88.0,72
351.9,102.2,10.4,408,8,42.9,88.0,74
362.1,102.2,13.6,408,8,44.1,92.0,77
372.2,102.2,11.2,408,8,45.3,92.0,79
382.3,102.2,11.6,408,8,46.9,96.0,81
392.3,102.1,8.2,408,6,48.1,96.0,83
402.4,102.1,7.0,408,6,49.3,100.0,85
412.5,102.1,9.9,408,6,50.5,100.0,88
422.5,133.0,11.8,407,6,52.1,104.0,90
432.6,102.1,9.3,408,6,53.3,116.0,92
442.7,102.1,7.1,408,6,54.4,116.0,94
452.7,102.2,10.2,408,6,55.6,120.0,97
462.8,110.5,9.6,407,6,57.3,120.0,100
472.9,102.1,11.2,408,6,58.4,124.0,101
482.9,102.1,8.2,408,6,59.6,124.0,103
493.0,102.1,9.9,408,6,60.9,128.0,106
503.1,111.0,9.5,407,6,62.3,132.0,109
513.2,102.1,9.6,408,6,63.7,132.0,110
523.3,102.1,8.0,408,6,64.9,136.0,112
533.6,102.1,11.1,408,6,66.2,136.0,115
543.9,102.2,13.8,408,6,67.2,140.0,116
554.3,102.1,13.8,408,6,68.4,140.0,118
564.6,102.1,14.2,408,6,69.5,144.0,120
574.9,102.2,12.9,408,6,70.6,144.0,123
585.3,102.3,12.5,409,8,71.9,148.0,125
595.5,102.3,13.2,408,8,73.1,148.0,127
605.9,102.3,15.4,408,8,74.3,152.0,129
616.1,102.3,12.9,408,8,75.4,152.0,131
626.4,102.3,14.0,408,8,76.5,152.0,133
636.6,102.3,12.9,408,8,77.7,156.0,135
646.8,120.4,14.1,408,8,79.2,160.0,138
656.9,102.2,13.6,408,6,80.5,160.0,139
667.0,100.3,9.8,408,6,81.6,164.0,141
677.1,96.3,8.4,408,6,82.8,164.0,143
687.1,96.3,8.4,408,6,84.0,168.0,146
697.2,96.2,9.8,408,6,85.7,168.0,148
707.3,96.2,7.0,408,6,86.8,172.0,150
717.4,96.3,9.5,408,6,88.0,172.0,153
727.5,96.3,6.5,408,6,89.2,176.0,155
737.6,96.3,9.3,408,6,90.8,180.0,157
747.7,96.3,9.4,408,6,91.9,180.0,159
757.8,96.4,10.1,408,6,93.1,184.0,162
767.9,96.3,8.8,408,6,94.4,184.0,164
778.0,96.3,10.2,408,6,96.0,188.0,166
788.1,96.3,9.1,408,6,97.2,188.0,168
798.2,96.4,8.7,408,7,98.4,192.0,171
808.3,96.4,7.7,408,7,99.6,192.0,173
818.5,96.4,9.9,408,7,101.3,196.0,175
828.6,96.4,9.1,408,7,102.4,200.0,177
838.7,96.4,10.5,409,7,103.7,200.0,180
848.8,96.4,9.0,408,7,104.9,204.0,182
859.0,96.4,10.3,408,7,106.6,208.0,184
869.1,96.4,9.7,408,7,107.8,212.0,186
879.2,96.4,8.9,408,7,109.0,212.0,189
889.3,96.5,7.1,408,7,110.1,216.0,191
899.5,96.4,12.5,408,7,111.8,220.0,193
909.6,96.4,8.5,408,7,112.9,220.0,195
919.8,96.4,11.1,408,6,114.1,224.0,197
929.9,96.4,8.9,408,6,115.3,224.0,200
940.0,96.3,10.5,408,6,117.0,228.0,202
950.1,96.4,10.2,408,6,118.1,228.0,204
960.2,96.4,9.3,408,6,119.3,232.0,207
970.3,96.4,8.5,408,6,120.5,232.0,209
980.4,69.6,11.0,408,6,122.1,236.0,211
990.6,69.6,10.3,408,6,123.3,240.0,213
1000.7,69.6,8.7,408,6,124.4,240.0,215
1010.8,69.7,8.6,408,6,125.6,244.0,218
1020.9,69.6,12.2,408,6,127.3,244.0,220
1031.1,69.6,9.1,408,6,128.5,248.0,222
1041.2,69.7,8.9,408,6,129.8,248.0,225
1051.3,69.7,7.7,408,6,130.9,252.0,227
1061.4,69.7,12.3,408,6,132.5,256.0,229
1071.6,69.7,8.0,408,6,133.7,256.0,231
1081.7,69.4,8.5,408,6,135.0,260.0,234
1091.8,69.8,8.5,408,6,136.1,260.0,236
1102.0,69.7,11.7,408,6,137.8,264.0,238
1112.1,69.4,9.7,408,6,138.9,264.0,240
1122.2,69.8,11.3,408,6,140.1,268.0,243
1132.4,69.5,10.2,408,6,141.3,268.0,245
1142.5,69.8,11.4,408,6,142.9,272.0,247
1152.6,69.8,8.5,408,6,144.0,272.0,249
1162.7,72.0,7.7,408,6,145.3,276.0,252
1172.9,69.5,8.3,408,6,146.5,276.0,254
1183.0,69.5,9.7,408,6,148.2,280.0,256
1193.1,69.5,11.2,408,6,149.3,284.0,258
1203.3,72.0,9.7,408,6,150.5,284.0,261
1213.4,85.8,8.5,407,6,152.0,288.0,264
1223.6,69.9,10.2,408,6,153.4,288.0,265
1233.7,69.9,7.9,408,6,154.6,292.0,267
1243.8,69.9,6.9,408,6,155.8,292.0,270
1254.0,69.6,11.7,408,6,157.5,296.0,272
1264.1,69.6,7.6,408,6,158.7,304.0,274
1274.2,64.3,10.0,408,6,159.8,304.0,277
1284.4,64.5,9.7,408,6,161.1,308.0,279
1294.5,64.5,9.7,408,6,162.8,308.0,281
1304.7,64.5,9.2,408,6,164.0,312.0,283
1314.8,64.3,10.5,408,6,165.2,312.0,286
1325.2,74.4,8.1,407,6,166.7,316.0,289
1335.3,64.5,9.7,408,6,168.1,320.0,290
1345.5,64.6,9.2,408,6,169.2,320.0,292
1355.6,64.6,10.0,408,6,170.5,324.0,295
1365.8,64.3,8.6,408,6,172.2,324.0,297
1375.9,64.7,10.4,408,6,173.3,328.0,299
1386.1,66.9,8.3,408,6,174.5,328.0,302
1396.2,66.9,8.5,408,6,175.7,332.0,304
1406.4,64.7,9.4,408,6,177.4,336.0,306
1416.5,64.8,8.2,408,6,178.5,336.0,308
1426.7,66.9,8.8,408,6,179.8,340.0,311
1436.8,87.8,9.9,407,6,180.9,340.0,314
1447.0,64.5,12.3,408,6,182.6,344.0,315
1457.1,64.5,9.2,408,6,183.8,344.0,317
1467.3,64.9,9.5,408,6,184.9,348.0,320
1477.4,67.0,9.7,413,6,186.6,352.0,322
1487.6,67.0,8.3,408,6,187.8,352.0,324
1497.8,64.9,8.1,408,6,188.9,356.0,327
1508.0,67.0,8.7,408,6,190.2,356.0,329
1518.4,64.9,15.7,413,6,191.9,360.0,331
1528.6,64.6,9.5,408,6,193.1,360.0,333
1538.8,66.9,9.4,408,6,194.2,364.0,335
1549.0,66.8,9.2,408,6,195.4,364.0,338
1559.1,65.0,10.1,408,6,197.1,368.0,340
1569.3,67.1,9.5,408,6,198.2,372.0,342
1579.5,64.4,8.5,408,6,199.4,372.0,344
1589.6,64.6,8.9,408,6,200.6,376.0,347
1599.8,66.7,11.7,407,6,202.2,376.0,348
1610.0,66.9,11.2,408,6,203.5,380.0,351
1620.2,64.8,7.2,408,6,204.6,380.0,353
1630.4,67.0,11.4,408,6,205.8,384.0,356
1640.6,66.9,11.0,408,6,207.5,388.0,358
1650.8,66.9,7.7,408,6,208.7,392.0,360
1660.9,64.6,8.6,408,6,209.9,396.0,363
1671.1,64.6,7.5,408,6,211.3,396.0,366
1681.3,67.0,12.3,408,6,212.7,400.0,367
1691.5,64.9,10.0,408,6,213.9,400.0,369
1701.7,64.9,10.9,408,6,215.1,404.0,372
1711.9,64.9,8.7,408,6,216.8,408.0,374
1722.1,67.1,10.1,408,6,218.0,408.0,376
1732.3,64.6,9.8,408,6,219.1,412.0,379
1742.4,64.8,9.1,408,6,220.3,412.0,381
1752.6,65.0,12.4,408,6,222.0,416.0,383
1762.8,64.7,8.0,408,6,223.2,416.0,385
1773.0,67.1,11.3,408,6,224.4,420.0,388
1783.2,64.7,7.8,408,6,225.6,420.0,390
1793.4,65.0,10.3,408,6,227.3,424.0,392
1803.6,64.7,11.0,408,6,228.5,428.0,394
1813.8,65.0,10.7,408,6,229.7,428.0,397
1824.0,67.2,10.1,408,6,231.3,432.0,399
1834.2,67.0,10.0,408,6,232.5,432.0,401
1844.4,65.1,9.2,408,6,233.6,436.0,403
1854.5,64.9,10.0,408,6,234.8,436.0,406
1864.7,64.8,12.7,408,6,236.5,440.0,408
1874.9,65.1,8.9,408,6,237.7,444.0,410
1885.1,67.2,10.6,408,6,239.0,444.0,413
1895.4,67.2,7.8,408,6,240.1,448.0,416
1905.6,65.1,9.4,408,6,241.8,448.0,417
1915.9,64.8,7.2,408,6,243.0,452.0,420
1926.1,64.9,11.5,408,6,244.1,452.0,422
1936.3,64.8,11.2,408,6,245.8,456.0,424
1946.5,64.8,8.0,408,6,247.0,460.0,426
1956.7,64.9,11.3,408,6,248.2,464.0,429
1966.9,67.3,7.0,408,6,249.3,468.0,432
1977.1,65.2,9.0,408,6,250.9,468.0,433
1987.3,64.9,7.7,408,6,252.0,472.0,435
1997.5,67.4,10.0,408,6,253.3,472.0,438
2007.7,64.9,11.3,408,6,254.9,476.0,440
2018.0,65.3,9.9,408,6,256.1,480.0,442
2028.2,67.4,9.5,408,6,257.2,480.0,445
2038.5,67.4,10.1,408,6,258.4,484.0,448
2048.7,67.5,11.1,408,6,260.1,484.0,449
2059.0,65.3,10.4,408,6,261.2,488.0,451
2069.2,67.2,14.1,408,6,262.4,488.0,454
2079.4,88.4,10.4,407,6,263.4,492.0,456
2089.6,67.5,9.9,408,6,265.1,496.0,458
2099.9,67.5,8.1,408,6,266.3,496.0,461
2110.1,67.5,8.5,408,6,267.5,500.0,463
2120.3,67.5,10.6,408,6,269.2,500.0,465
2130.5,67.5,8.6,408,6,270.4,504.0,467
2140.7,65.1,8.9,408,6,271.6,504.0,470
2151.0,67.5,11.6,408,6,273.4,508.0,472
2161.2,67.6,8.9,408,6,274.5,512.0,474
2171.4,65.4,8.3,408,6,275.8,512.0,477
2181.6,67.6,9.6,408,6,276.9,516.0,479
2191.9,65.5,12.1,408,6,278.6,516.0,481
2202.1,67.4,11.0,408,6,279.7,520.0,483
2212.3,67.6,10.1,408,6,280.9,520.0,486
2222.6,65.2,10.2,408,6,282.6,524.0,488
2232.9,65.2,7.8,408,6,283.8,528.0,490
2243.1,67.6,9.4,408,6,285.0,528.0,493
2253.5,65.5,10.4,408,6,286.1,532.0,495
2263.7,67.7,9.5,408,6,287.9,532.0,497
2274.0,67.7,11.0,408,6,289.0,536.0,499
2284.2,67.7,10.1,408,6,290.2,536.0,502
2294.5,94.1,10.5,407,6,291.3,540.0,504
2304.7,65.6,10.1,408,6,293.0,544.0,506
2314.9,65.6,11.1,408,6,294.1,544.0,508
2325.2,65.4,10.7,408,6,295.3,548.0,511
2335.4,67.8,11.7,408,6,297.0,548.0,513
2345.7,67.8,8.1,408,6,298.2,552.0,515
2355.9,67.9,8.7,408,6,299.4,552.0,518
2366.2,76.1,9.5,407,6,300.5,556.0,520
2376.4,67.9,9.6,408,6,302.3,560.0,522
2386.7,67.9,9.0,413,6,303.5,560.0,525
2396.9,65.8,9.1,408,6,304.7,564.0,527
2407.2,67.9,11.4,408,6,306.4,568.0,529
2417.4,67.9,8.4,408,6,307.6,572.0,531
2427.7,67.7,9.5,408,6,308.8,572.0,534
2437.9,68.0,11.0,408,6,310.4,576.0,536
2448.2,68.0,7.8,408,6,311.6,580.0,538
2458.4,68.0,7.6,408,6,312.9,580.0,541
2468.7,68.1,10.5,413,6,314.3,584.0,543
2479.0,67.7,11.7,408,6,315.6,584.0,545
2489.2,67.9,7.9,408,6,316.8,588.0,547
2499.6,65.5,8.6,408,6,318.0,588.0,550
2509.8,65.7,11.5,408,6,319.7,592.0,552
2520.1,65.7,7.3,408,6,320.9,596.0,554
2530.3,67.9,8.8,408,6,322.1,596.0,557
2540.6,108.6,10.4,407,6,323.2,600.0,559
2550.8,67.9,8.8,408,6,325.0,600.0,561
2561.1,65.9,8.1,408,6,326.3,604.0,564
2571.4,65.8,8.7,408,6,327.4,604.0,566
2581.6,68.0,10.0,408,6,329.1,608.0,568
2592.0,68.0,9.6,408,6,330.2,612.0,571
2602.2,65.9,9.1,408,6,331.4,612.0,573
2612.5,65.5,11.4,408,6,333.0,616.0,575
2622.8,65.8,9.7,408,6,334.2,616.0,577
2633.0,68.1,8.4,408,6,335.4,620.0,580
2643.3,65.6,10.8,408,6,336.6,620.0,583
2653.6,68.0,11.7,408,6,338.3,624.0,584
2663.9,68.1,9.4,408,6,339.5,628.0,586
2674.1,68.1,10.5,408,6,340.7,628.0,589
2684.4,68.1,10.3,408,6,342.4,632.0,591
2694.8,68.1,8.5,408,6,343.5,632.0,593
2705.0,65.6,10.4,408,6,344.8,636.0,596
2715.4,93.5,10.2,407,6,345.9,640.0,598
2725.7,65.8,9.6,408,6,347.7,640.0,600
2736.0,69.6,1.1,415,9,347.7,640.0,600
2746.3,69.6,0.0,415,9,347.7,640.0,600
2756.5,69.6,0.2,415,9,347.7,640.0,600
2766.8,69.7,0.2,415,11,347.7,640.0,600
2777.1,62.8,0.2,415,8,347.7,640.0,600
