Type,Name,Request Count,Failure Count,Median Response Time,Average Response Time,Min Response Time,Max Response Time,Average Content Size,Requests/s,Failures/s,50%,66%,75%,80%,90%,95%,98%,99%,99.9%,99.99%,100%
GET,GET /api/camera/stream (10s),3,0,17,16.986866675627727,16.325600037816912,17.66339997993782,0.0,0.2499001375542754,0.0,17,17,18,18,18,18,18,18,18,18,18
GET,GET /api/health,1,0,95.89539997978136,95.89539997978136,95.89539997978136,95.89539997978136,592.0,0.08330004585142514,0.0,96,96,96,96,96,96,96,96,96,96,96
GET,GET /api/print/status,1,0,10.953099990729243,10.953099990729243,10.953099990729243,10.953099990729243,163.0,0.08330004585142514,0.0,11,11,11,11,11,11,11,11,11,11,11
GET,GET /api/quiz/schema,45,0,4,5.82213777039821,1.5344999847002327,19.762500014621764,2113.0,3.748502063314131,0.0,4,6,6,7,16,18,20,20,20,20,20
GET,GET /api/session/active (poll),17,0,3,17.258605885538547,1.3386000064201653,238.13069995958358,903.4117647058823,1.4161007794742273,0.0,3,4,5,5,10,240,240,240,240,240,240
GET,GET /api/session/history,2,0,13,10.580650006886572,7.7535000164061785,13.407799997366965,2194.0,0.16660009170285028,0.0,13,13,13,13,13,13,13,13,13,13,13
GET,GET /card/{id},1,0,18.342700030189008,18.342700030189008,18.342700030189008,18.342700030189008,2827.0,0.08330004585142514,0.0,18,18,18,18,18,18,18,18,18,18,18
POST,POST /api/camera/capture,1,0,52.40299995057285,52.40299995057285,52.40299995057285,52.40299995057285,118.0,0.08330004585142514,0.0,52,52,52,52,52,52,52,52,52,52,52
POST,POST /api/session/answer [color],1,0,48.8918999908492,48.8918999908492,48.8918999908492,48.8918999908492,789.0,0.08330004585142514,0.0,49,49,49,49,49,49,49,49,49,49,49
POST,POST /api/session/answer [element],1,0,26.834299962501973,26.834299962501973,26.834299962501973,26.834299962501973,558.0,0.08330004585142514,0.0,27,27,27,27,27,27,27,27,27,27,27
POST,POST /api/session/answer [power],1,0,16.868599981535226,16.868599981535226,16.868599981535226,16.868599981535226,561.0,0.08330004585142514,0.0,17,17,17,17,17,17,17,17,17,17,17
POST,POST /api/session/new,1,0,17.108900006860495,17.108900006860495,17.108900006860495,17.108900006860495,424.0,0.08330004585142514,0.0,17,17,17,17,17,17,17,17,17,17,17
POST,POST /api/session/photo/confirm,1,0,28.05550000630319,28.05550000630319,28.05550000630319,28.05550000630319,557.0,0.08330004585142514,0.0,28,28,28,28,28,28,28,28,28,28,28
888889,1.6267894960438172,0.0,0,0,0,0,0,0,0,0,0,0,0
,Aggregated,90,0,4,10.228768066089186,0,238.13069995958358,1425.8555555555556,8.133947480219085,0.0,4,6,7,13,18,28,96,240,240,240,240
