Timestamp,User Count,Type,Name,Requests/s,Failures/s,50%,66%,75%,80%,90%,95%,98%,99%,99.9%,99.99%,100%,Total Request Count,Total Failure Count,Total Median Response Time,Total Average Response Time,Total Min Response Time,Total Max Response Time,Total Average Content Size
1790606201,0,,Aggregated,0.000000,0.000000,N/A,N/A,N/A,N/A,N/A,N/A,N/A,N/A,N/A,N/A,N/A,0,0,0,0.0,0,0,0
1790606202,5,,Aggregated,0.000000,0.000000,18,18,18,18,18,18,18,18,18,18,18,2,0,18,17.78125000419095,17.108900006860495,18.45360000152141,1268.5
1790606203,10,,Aggregated,0.000000,0.000000,17,18,19,19,20,20,20,20,20,20,20,8,0,17,12.722356870654039,0,19.762500014621764,1446.125
1790606204,15,,Aggregated,0.000000,0.000000,13,16,17,18,20,52,52,52,52,52,52,17,0,13,12.992378016112044,0,52.40299995057285,1378.6470588235295
1790606205,20,,Aggregated,2.000000,0.000000,8,16,17,18,28,52,96,96,96,96,96,26,0,8,14.268231777420555,0,95.89539997978136,1398.5384615384614
1790606206,20,,Aggregated,4.000000,0.000000,7,13,16,18,27,52,96,96,96,96,96,34,0,7,12.339424299117287,0,95.89539997978136,1432.2941176470588
1790606207,20,,Aggregated,6.500000,0.000000,6,8,16,17,20,28,96,96,96,96,96,43,0,6,10.55229595472473,0,95.89539997978136,1468.6976744186047
1790606208,20,,Aggregated,6.500000,0.000000,5,7,13,17,20,28,96,96,96,96,96,45,0,5,10.129716133491861,0,95.89539997978136,1463.9333333333334
1790606209,20,,Aggregated,6.666667,0.000000,4,7,10,16,20,49,52,96,96,96,96,57,0,4,9.525717999949528,0,95.89539997978136,1477.701754385965
1790606210,20,,Aggregated,6.666667,0.000000,4,6,8,13,19,28,52,96,96,96,96,65,0,4,8.69968655304267,0,95.89539997978136,1468.5076923076922
1790606211,20,,Aggregated,6.875000,0.000000,4,6,8,16,19,49,96,240,240,240,240,77,0,4,11.382104233270148,0,238.13069995958358,1409.4285714285713
1790606212,20,,Aggregated,7.222222,0.000000,4,6,7,13,18,28,96,240,240,240,240,90,0,4,10.228768066089186,0,238.13069995958358,1425.8555555555556
